[
{
   "model": "quiz.exam",
   "pk": 1,
   "fields": {
      "create_timestamp": "2023-05-05T18:52:02.785Z",
      "update_timestamp": "2023-05-05T18:52:02.785Z",
      "uuid": "162285d5-6fd1-49ef-8c59-f650f7057e73",
      "title": "Математика",
      "description": "Маленький тест по математике",
      "level": 0
   }
},
{
   "model": "quiz.exam",
   "pk": 2,
   "fields": {
      "create_timestamp": "2023-05-14T15:00:18.199Z",
      "update_timestamp": "2023-05-14T15:00:18.199Z",
      "uuid": "989bcc66-de2d-400f-a143-2899fbad56af",
      "title": "География",
      "description": "Тест по географии",
      "level": 0
   }
},
{
   "model": "quiz.exam",
   "pk": 3,
   "fields": {
      "create_timestamp": "2023-05-14T15:34:37.765Z",
      "update_timestamp": "2023-05-14T15:34:37.765Z",
      "uuid": "e6c32023-6db8-45d1-aec2-112aac308476",
      "title": "Биология",
      "description": "Тест по биологии",
      "level": 0
   }
},
{
   "model": "quiz.question",
   "pk": 1,
   "fields": {
      "create_timestamp": "2023-05-05T18:59:23.506Z",
      "update_timestamp": "2023-05-05T18:59:23.506Z",
      "exam": 1,
      "order_num": 1,
      "text": "2+2=?",
      "image": ""
   }
},
{
   "model": "quiz.question",
   "pk": 2,
   "fields": {
      "create_timestamp": "2023-05-05T19:00:04.150Z",
      "update_timestamp": "2023-05-05T19:00:04.150Z",
      "exam": 1,
      "order_num": 2,
      "text": "3*3=?",
      "image": ""
   }
},
{
   "model": "quiz.question",
   "pk": 3,
   "fields": {
      "create_timestamp": "2023-05-05T19:00:31.913Z",
      "update_timestamp": "2023-05-05T19:00:31.913Z",
      "exam": 1,
      "order_num": 3,
      "text": "5+4=?",
      "image": ""
   }
},
{
   "model": "quiz.question",
   "pk": 4,
   "fields": {
      "create_timestamp": "2023-05-14T15:00:18.203Z",
      "update_timestamp": "2023-05-14T15:00:18.203Z",
      "exam": 2,
      "order_num": 1,
      "text": "Самая высокая гора в мире?",
      "image": ""
   }
},
{
   "model": "quiz.question",
   "pk": 5,
   "fields": {
      "create_timestamp": "2023-05-14T15:00:18.204Z",
      "update_timestamp": "2023-05-14T15:00:18.204Z",
      "exam": 2,
      "order_num": 2,
      "text": "Самый большой континент?",
      "image": ""
   }
},
{
   "model": "quiz.question",
   "pk": 6,
   "fields": {
      "create_timestamp": "2023-05-14T15:00:18.205Z",
      "update_timestamp": "2023-05-14T15:00:18.205Z",
      "exam": 2,
      "order_num": 3,
      "text": "Самое глубоководное озеро в мире?",
      "image": ""
   }
},
{
   "model": "quiz.question",
   "pk": 7,
   "fields": {
      "create_timestamp": "2023-05-14T15:00:18.205Z",
      "update_timestamp": "2023-05-14T15:00:18.205Z",
      "exam": 2,
      "order_num": 4,
      "text": "Самая большая пустыня в мире?",
      "image": ""
   }
},
{
   "model": "quiz.question",
   "pk": 8,
   "fields": {
      "create_timestamp": "2023-05-14T15:00:18.206Z",
      "update_timestamp": "2023-05-14T15:00:18.206Z",
      "exam": 2,
      "order_num": 5,
      "text": "Самый холодный континент?",
      "image": ""
   }
},
{
   "model": "quiz.question",
   "pk": 9,
   "fields": {
      "create_timestamp": "2023-05-14T15:34:37.768Z",
      "update_timestamp": "2023-05-14T15:34:37.768Z",
      "exam": 3,
      "order_num": 1,
      "text": "Какая наука изучает вымершие организмы?",
      "image": ""
   }
},
{
   "model": "quiz.question",
   "pk": 10,
   "fields": {
      "create_timestamp": "2023-05-14T15:34:37.769Z",
      "update_timestamp": "2023-05-14T15:34:37.769Z",
      "exam": 3,
      "order_num": 2,
      "text": "Какая группа липидов формирует основу клеточных мембран?",
      "image": ""
   }
},
{
   "model": "quiz.question",
   "pk": 11,
   "fields": {
      "create_timestamp": "2023-05-14T15:34:37.770Z",
      "update_timestamp": "2023-05-14T15:34:37.770Z",
      "exam": 3,
      "order_num": 3,
      "text": "Растительная клетка в отличии от животной имеет?",
      "image": ""
   }
},
{
   "model": "quiz.question",
   "pk": 12,
   "fields": {
      "create_timestamp": "2023-05-14T15:34:37.770Z",
      "update_timestamp": "2023-05-14T15:34:37.770Z",
      "exam": 3,
      "order_num": 4,
      "text": "Зернистая эндоплазматическая сетка отличается от незернистой?",
      "image": ""
   }
},
{
   "model": "quiz.choice",
   "pk": 1,
   "fields": {
      "question": 1,
      "text": "3",
      "is_correct": false
   }
},
{
   "model": "quiz.choice",
   "pk": 2,
   "fields": {
      "question": 1,
      "text": "4",
      "is_correct": true
   }
},
{
   "model": "quiz.choice",
   "pk": 3,
   "fields": {
      "question": 1,
      "text": "5",
      "is_correct": false
   }
},
{
   "model": "quiz.choice",
   "pk": 4,
   "fields": {
      "question": 2,
      "text": "7",
      "is_correct": false
   }
},
{
   "model": "quiz.choice",
   "pk": 5,
   "fields": {
      "question": 2,
      "text": "8",
      "is_correct": false
   }
},
{
   "model": "quiz.choice",
   "pk": 6,
   "fields": {
      "question": 2,
      "text": "9",
      "is_correct": true
   }
},
{
   "model": "quiz.choice",
   "pk": 7,
   "fields": {
      "question": 1,
      "text": "А сколько надо?",
      "is_correct": false
   }
},
{
   "model": "quiz.choice",
   "pk": 8,
   "fields": {
      "question": 3,
      "text": "9",
      "is_correct": false
   }
},
{
   "model": "quiz.choice",
   "pk": 9,
   "fields": {
      "question": 3,
      "text": "10",
      "is_correct": false
   }
},
{
   "model": "quiz.choice",
   "pk": 10,
   "fields": {
      "question": 3,
      "text": "11",
      "is_correct": false
   }
},
{
   "model": "quiz.choice",
   "pk": 11,
   "fields": {
      "question": 4,
      "text": "Эверест",
      "is_correct": true
   }
},
{
   "model": "quiz.choice",
   "pk": 12,
   "fields": {
      "question": 4,
      "text": "Говерла",
      "is_correct": false
   }
},
{
   "model": "quiz.choice",
   "pk": 13,
   "fields": {
      "question": 4,
      "text": "Казбек",
      "is_correct": false
   }
},
{
   "model": "quiz.choice",
   "pk": 14,
   "fields": {
      "question": 4,
      "text": "Монблан",
      "is_correct": false
   }
},
{
   "model": "quiz.choice",
   "pk": 15,
   "fields": {
      "question": 5,
      "text": "Азия",
      "is_correct": true
   }
},
{
   "model": "quiz.choice",
   "pk": 16,
   "fields": {
      "question": 5,
      "text": "Европа",
      "is_correct": false
   }
},
{
   "model": "quiz.choice",
   "pk": 17,
   "fields": {
      "question": 5,
      "text": "Африка",
      "is_correct": false
   }
},
{
   "model": "quiz.choice",
   "pk": 18,
   "fields": {
      "question": 5,
      "text": "Евразия",
      "is_correct": false
   }
},
{
   "model": "quiz.choice",
   "pk": 19,
   "fields": {
      "question": 6,
      "text": "Байкал",
      "is_correct": true
   }
},
{
   "model": "quiz.choice",
   "pk": 20,
   "fields": {
      "question": 6,
      "text": "Каспийское",
      "is_correct": false
   }
},
{
   "model": "quiz.choice",
   "pk": 21,
   "fields": {
      "question": 6,
      "text": "Синевир",
      "is_correct": false
   }
},
{
   "model": "quiz.choice",
   "pk": 22,
   "fields": {
      "question": 6,
      "text": "Инари",
      "is_correct": false
   }
},
{
   "model": "quiz.choice",
   "pk": 23,
   "fields": {
      "question": 7,
      "text": "Сахара",
      "is_correct": true
   }
},
{
   "model": "quiz.choice",
   "pk": 24,
   "fields": {
      "question": 7,
      "text": "Гоби",
      "is_correct": false
   }
},
{
   "model": "quiz.choice",
   "pk": 25,
   "fields": {
      "question": 7,
      "text": "Каракум",
      "is_correct": false
   }
},
{
   "model": "quiz.choice",
   "pk": 26,
   "fields": {
      "question": 7,
      "text": "Тхал",
      "is_correct": false
   }
},
{
   "model": "quiz.choice",
   "pk": 27,
   "fields": {
      "question": 8,
      "text": "Антарктида",
      "is_correct": true
   }
},
{
   "model": "quiz.choice",
   "pk": 28,
   "fields": {
      "question": 8,
      "text": "Африка",
      "is_correct": false
   }
},
{
   "model": "quiz.choice",
   "pk": 29,
   "fields": {
      "question": 8,
      "text": "Америка",
      "is_correct": false
   }
},
{
   "model": "quiz.choice",
   "pk": 30,
   "fields": {
      "question": 8,
      "text": "Азия",
      "is_correct": false
   }
},
{
   "model": "quiz.choice",
   "pk": 31,
   "fields": {
      "question": 9,
      "text": "палеонтология",
      "is_correct": true
   }
},
{
   "model": "quiz.choice",
   "pk": 32,
   "fields": {
      "question": 9,
      "text": "морфология",
      "is_correct": false
   }
},
{
   "model": "quiz.choice",
   "pk": 33,
   "fields": {
      "question": 9,
      "text": "История",
      "is_correct": false
   }
},
{
   "model": "quiz.choice",
   "pk": 34,
   "fields": {
      "question": 9,
      "text": "Астрономия",
      "is_correct": false
   }
},
{
   "model": "quiz.choice",
   "pk": 35,
   "fields": {
      "question": 10,
      "text": "фосфолипиды",
      "is_correct": true
   }
},
{
   "model": "quiz.choice",
   "pk": 36,
   "fields": {
      "question": 10,
      "text": "нейтральные жиры",
      "is_correct": false
   }
},
{
   "model": "quiz.choice",
   "pk": 37,
   "fields": {
      "question": 10,
      "text": "воски",
      "is_correct": false
   }
},
{
   "model": "quiz.choice",
   "pk": 38,
   "fields": {
      "question": 10,
      "text": "каротиноиды",
      "is_correct": false
   }
},
{
   "model": "quiz.choice",
   "pk": 39,
   "fields": {
      "question": 11,
      "text": "эндоплазматическую сетку",
      "is_correct": true
   }
},
{
   "model": "quiz.choice",
   "pk": 40,
   "fields": {
      "question": 11,
      "text": "комплекс Гольджи",
      "is_correct": false
   }
},
{
   "model": "quiz.choice",
   "pk": 41,
   "fields": {
      "question": 11,
      "text": "митохондрии",
      "is_correct": false
   }
},
{
   "model": "quiz.choice",
   "pk": 42,
   "fields": {
      "question": 11,
      "text": "вакуолю с клеточным соком",
      "is_correct": false
   }
},
{
   "model": "quiz.choice",
   "pk": 43,
   "fields": {
      "question": 12,
      "text": "рибосом",
      "is_correct": true
   }
},
{
   "model": "quiz.choice",
   "pk": 44,
   "fields": {
      "question": 12,
      "text": "лизосом",
      "is_correct": false
   }
},
{
   "model": "quiz.choice",
   "pk": 45,
   "fields": {
      "question": 12,
      "text": "центросом",
      "is_correct": false
   }
},
{
   "model": "quiz.choice",
   "pk": 46,
   "fields": {
      "question": 12,
      "text": "пероксисом",
      "is_correct": false
   }
}
]
